"","Country","p_year","female_share_inventors","inv_ctry"
"1","Algeria","2000",NA,"DZ"
"2","Antigua and Barbuda","2000",NA,"AG"
"3","Argentina","2000",NA,"AR"
"4","Armenia","2000",NA,"AM"
"5","Australia","2000",11.2,"AU"
"6","Austria","2000",3.7,"AT"
"7","Azerbaijan","2000",NA,"AZ"
"8","Bahamas","2000",NA,"BS"
"9","Barbados","2000",13.9,"BB"
"10","Belarus","2000",NA,"BY"
"11","Belgium","2000",14.2,"BE"
"12","Bermuda","2000",NA,"BM"
"13","Bosnia and Herzegovina","2000",NA,"BA"
"14","Brazil","2000",8.7,"BR"
"15","Bulgaria","2000",12.5,"BG"
"16","Canada","2000",11.8,"CA"
"17","Chile","2000",NA,"CL"
"18","China","2000",27,"CN"
"19","Colombia","2000",NA,"CO"
"20","Costa Rica","2000",NA,"CR"
"21","Croatia","2000",33.9,"HR"
"22","Cuba","2000",NA,"CU"
"23","Cyprus","2000",NA,"CY"
"24","Czech Republic","2000",8.1,"CZ"
"25","Denmark","2000",12.3,"DK"
"26","Ecuador","2000",NA,"EC"
"27","Egypt","2000",NA,"EG"
"28","Estonia","2000",NA,"EE"
"29","Finland","2000",8.1,"FI"
"30","France","2000",13.7,"FR"
"31","Georgia","2000",NA,"GE"
"32","Germany","2000",7,"DE"
"33","Greece","2000",13,"GR"
"34","Hungary","2000",19.5,"HU"
"35","Iceland","2000",4.3,"IS"
"36","India","2000",18.9,"IN"
"37","Indonesia","2000",NA,"ID"
"38","Iran(IslamicRepublicof)","2000",NA,"IR"
"39","Ireland","2000",10.8,"IE"
"40","Israel","2000",12.6,"IL"
"41","Italy","2000",11.3,"IT"
"42","Japan","2000",7,"JP"
"43","Jordan","2000",NA,"JO"
"44","Kazakhstan","2000",NA,"KZ"
"45","Kenya","2000",NA,"KE"
"46","Latvia","2000",NA,"LV"
"47","Liechtenstein","2000",1.2,"LI"
"48","Lithuania","2000",NA,"LT"
"49","Luxembourg","2000",6.1,"LU"
"50","Malaysia","2000",NA,"MY"
"51","Malta","2000",NA,"MT"
"52","Mauritius","2000",NA,"MU"
"53","Mexico","2000",2.3,"MX"
"54","Monaco","2000",NA,"MC"
"55","Morocco","2000",NA,"MA"
"56","Namibia","2000",NA,"NA"
"57","Netherlands","2000",9,"NL"
"58","New Zealand","2000",11.6,"NZ"
"59","Norway","2000",7.9,"NO"
"60","Oman","2000",NA,"OM"
"61","Panama","2000",NA,"PA"
"62","Peru","2000",NA,"PE"
"63","Philippines","2000",NA,"PH"
"64","Poland","2000",17.8,"PL"
"65","Portugal","2000",23.5,"PT"
"66","Qatar","2000",NA,"QA"
"67","Republic of Korea","2000",22.1,"KR"
"68","Romania","2000",2.6,"RO"
"69","Russian Federation","2000",10.8,"RU"
"70","Saudi Arabia","2000",12,"SA"
"71","Serbia","2000",NA,"RS"
"72","Seychelles","2000",NA,"SC"
"73","Singapore","2000",20.1,"SG"
"74","Slovakia","2000",20,"SK"
"75","Slovenia","2000",23.1,"SI"
"76","South Africa","2000",7.9,"ZA"
"77","Spain","2000",15.6,"ES"
"78","Sri Lanka","2000",NA,"LK"
"79","Sweden","2000",7.6,"SE"
"80","Switzerland","2000",9.3,"CH"
"81","Thailand","2000",NA,"TH"
"82","Tunisia","2000",NA,"TN"
"83","Turkey","2000",7.2,"TR"
"84","Ukraine","2000",5.9,"UA"
"85","United Arab Emirates","2000",NA,"AE"
"86","United Kingdom","2000",10.9,"GB"
"87","United States of America","2000",12.5,"US"
"88","Uruguay","2000",NA,"UY"
"89","Vietnam","2000",NA,"VN"
"90","Algeria","2001",NA,"DZ"
"91","Antigua and Barbuda","2001",NA,"AG"
"92","Argentina","2001",NA,"AR"
"93","Armenia","2001",NA,"AM"
"94","Australia","2001",13.6,"AU"
"95","Austria","2001",4.8,"AT"
"96","Azerbaijan","2001",NA,"AZ"
"97","Bahamas","2001",NA,"BS"
"98","Barbados","2001",9.9,"BB"
"99","Belarus","2001",7.1,"BY"
"100","Belgium","2001",17.2,"BE"
"101","Bermuda","2001",NA,"BM"
"102","Bosnia and Herzegovina","2001",NA,"BA"
"103","Brazil","2001",12.8,"BR"
"104","Bulgaria","2001",10,"BG"
"105","Canada","2001",13,"CA"
"106","Chile","2001",NA,"CL"
"107","China","2001",8.6,"CN"
"108","Colombia","2001",NA,"CO"
"109","Costa Rica","2001",NA,"CR"
"110","Croatia","2001",13.3,"HR"
"111","Cuba","2001",NA,"CU"
"112","Cyprus","2001",8,"CY"
"113","Czech Republic","2001",8.4,"CZ"
"114","Denmark","2001",10.5,"DK"
"115","Ecuador","2001",NA,"EC"
"116","Egypt","2001",NA,"EG"
"117","Estonia","2001",NA,"EE"
"118","Finland","2001",11.8,"FI"
"119","France","2001",15.3,"FR"
"120","Georgia","2001",NA,"GE"
"121","Germany","2001",7,"DE"
"122","Greece","2001",6.8,"GR"
"123","Hungary","2001",20.6,"HU"
"124","Iceland","2001",9.7,"IS"
"125","India","2001",16.7,"IN"
"126","Indonesia","2001",NA,"ID"
"127","Iran(IslamicRepublicof)","2001",NA,"IR"
"128","Ireland","2001",7,"IE"
"129","Israel","2001",12,"IL"
"130","Italy","2001",11.7,"IT"
"131","Japan","2001",7.2,"JP"
"132","Jordan","2001",NA,"JO"
"133","Kazakhstan","2001",NA,"KZ"
"134","Kenya","2001",NA,"KE"
"135","Latvia","2001",NA,"LV"
"136","Liechtenstein","2001",1,"LI"
"137","Lithuania","2001",NA,"LT"
"138","Luxembourg","2001",7.4,"LU"
"139","Malaysia","2001",11.8,"MY"
"140","Malta","2001",NA,"MT"
"141","Mauritius","2001",NA,"MU"
"142","Mexico","2001",5.7,"MX"
"143","Monaco","2001",NA,"MC"
"144","Morocco","2001",NA,"MA"
"145","Namibia","2001",NA,"NA"
"146","Netherlands","2001",9.9,"NL"
"147","New Zealand","2001",12,"NZ"
"148","Norway","2001",8,"NO"
"149","Oman","2001",NA,"OM"
"150","Panama","2001",NA,"PA"
"151","Peru","2001",NA,"PE"
"152","Philippines","2001",NA,"PH"
"153","Poland","2001",14.1,"PL"
"154","Portugal","2001",16.7,"PT"
"155","Qatar","2001",NA,"QA"
"156","Republic of Korea","2001",22.8,"KR"
"157","Romania","2001",12,"RO"
"158","Russian Federation","2001",11.7,"RU"
"159","Saudi Arabia","2001",9.7,"SA"
"160","Serbia","2001",NA,"RS"
"161","Seychelles","2001",NA,"SC"
"162","Singapore","2001",28,"SG"
"163","Slovakia","2001",7,"SK"
"164","Slovenia","2001",13.8,"SI"
"165","South Africa","2001",7,"ZA"
"166","Spain","2001",18.7,"ES"
"167","Sri Lanka","2001",NA,"LK"
"168","Sweden","2001",8.9,"SE"
"169","Switzerland","2001",9.5,"CH"
"170","Thailand","2001",NA,"TH"
"171","Tunisia","2001",NA,"TN"
"172","Turkey","2001",8.7,"TR"
"173","Ukraine","2001",1.9,"UA"
"174","United Arab Emirates","2001",16.7,"AE"
"175","United Kingdom","2001",10.9,"GB"
"176","United States of America","2001",13.2,"US"
"177","Uruguay","2001",NA,"UY"
"178","Vietnam","2001",NA,"VN"
"179","Algeria","2002",NA,"DZ"
"180","Antigua and Barbuda","2002",NA,"AG"
"181","Argentina","2002",5.3,"AR"
"182","Armenia","2002",9.1,"AM"
"183","Australia","2002",12.6,"AU"
"184","Austria","2002",6,"AT"
"185","Azerbaijan","2002",NA,"AZ"
"186","Bahamas","2002",11.1,"BS"
"187","Barbados","2002",14.8,"BB"
"188","Belarus","2002",2.7,"BY"
"189","Belgium","2002",15.5,"BE"
"190","Bermuda","2002",NA,"BM"
"191","Bosnia and Herzegovina","2002",NA,"BA"
"192","Brazil","2002",14.7,"BR"
"193","Bulgaria","2002",18.4,"BG"
"194","Canada","2002",12.8,"CA"
"195","Chile","2002",NA,"CL"
"196","China","2002",21.6,"CN"
"197","Colombia","2002",17.9,"CO"
"198","Costa Rica","2002",NA,"CR"
"199","Croatia","2002",19.2,"HR"
"200","Cuba","2002",50.5,"CU"
"201","Cyprus","2002",14.9,"CY"
"202","Czech Republic","2002",4.8,"CZ"
"203","Denmark","2002",13.6,"DK"
"204","Ecuador","2002",NA,"EC"
"205","Egypt","2002",NA,"EG"
"206","Estonia","2002",11.1,"EE"
"207","Finland","2002",10.4,"FI"
"208","France","2002",15.7,"FR"
"209","Georgia","2002",NA,"GE"
"210","Germany","2002",7.5,"DE"
"211","Greece","2002",14.9,"GR"
"212","Hungary","2002",11.2,"HU"
"213","Iceland","2002",12.2,"IS"
"214","India","2002",17.5,"IN"
"215","Indonesia","2002",NA,"ID"
"216","Iran(IslamicRepublicof)","2002",NA,"IR"
"217","Ireland","2002",8.8,"IE"
"218","Israel","2002",12.8,"IL"
"219","Italy","2002",12.9,"IT"
"220","Japan","2002",6.9,"JP"
"221","Jordan","2002",NA,"JO"
"222","Kazakhstan","2002",34.6,"KZ"
"223","Kenya","2002",NA,"KE"
"224","Latvia","2002",12.5,"LV"
"225","Liechtenstein","2002",6.3,"LI"
"226","Lithuania","2002",NA,"LT"
"227","Luxembourg","2002",5,"LU"
"228","Malaysia","2002",30.8,"MY"
"229","Malta","2002",NA,"MT"
"230","Mauritius","2002",NA,"MU"
"231","Mexico","2002",14.3,"MX"
"232","Monaco","2002",10,"MC"
"233","Morocco","2002",NA,"MA"
"234","Namibia","2002",NA,"NA"
"235","Netherlands","2002",10.3,"NL"
"236","New Zealand","2002",10.9,"NZ"
"237","Norway","2002",5.8,"NO"
"238","Oman","2002",NA,"OM"
"239","Panama","2002",NA,"PA"
"240","Peru","2002",NA,"PE"
"241","Philippines","2002",NA,"PH"
"242","Poland","2002",19.7,"PL"
"243","Portugal","2002",16.4,"PT"
"244","Qatar","2002",NA,"QA"
"245","Republic of Korea","2002",22,"KR"
"246","Romania","2002",6.5,"RO"
"247","Russian Federation","2002",9.4,"RU"
"248","Saudi Arabia","2002",NA,"SA"
"249","Serbia","2002",NA,"RS"
"250","Seychelles","2002",NA,"SC"
"251","Singapore","2002",24.2,"SG"
"252","Slovakia","2002",9.8,"SK"
"253","Slovenia","2002",13.7,"SI"
"254","South Africa","2002",6.7,"ZA"
"255","Spain","2002",19,"ES"
"256","Sri Lanka","2002",NA,"LK"
"257","Sweden","2002",8.4,"SE"
"258","Switzerland","2002",12,"CH"
"259","Thailand","2002",NA,"TH"
"260","Tunisia","2002",NA,"TN"
"261","Turkey","2002",9.7,"TR"
"262","Ukraine","2002",5.1,"UA"
"263","United Arab Emirates","2002",NA,"AE"
"264","United Kingdom","2002",11.1,"GB"
"265","United States of America","2002",15,"US"
"266","Uruguay","2002",NA,"UY"
"267","Vietnam","2002",NA,"VN"
"268","Algeria","2003",NA,"DZ"
"269","Antigua and Barbuda","2003",NA,"AG"
"270","Argentina","2003",4.8,"AR"
"271","Armenia","2003",NA,"AM"
"272","Australia","2003",14,"AU"
"273","Austria","2003",6.7,"AT"
"274","Azerbaijan","2003",NA,"AZ"
"275","Bahamas","2003",30,"BS"
"276","Barbados","2003",14,"BB"
"277","Belarus","2003",6.7,"BY"
"278","Belgium","2003",14.5,"BE"
"279","Bermuda","2003",NA,"BM"
"280","Bosnia and Herzegovina","2003",NA,"BA"
"281","Brazil","2003",14.1,"BR"
"282","Bulgaria","2003",11.3,"BG"
"283","Canada","2003",14.4,"CA"
"284","Chile","2003",NA,"CL"
"285","China","2003",29.4,"CN"
"286","Colombia","2003",3.8,"CO"
"287","Costa Rica","2003",NA,"CR"
"288","Croatia","2003",23.2,"HR"
"289","Cuba","2003",42.3,"CU"
"290","Cyprus","2003",23.3,"CY"
"291","Czech Republic","2003",11,"CZ"
"292","Denmark","2003",13.2,"DK"
"293","Ecuador","2003",NA,"EC"
"294","Egypt","2003",NA,"EG"
"295","Estonia","2003",NA,"EE"
"296","Finland","2003",10,"FI"
"297","France","2003",15.2,"FR"
"298","Georgia","2003",NA,"GE"
"299","Germany","2003",8.1,"DE"
"300","Greece","2003",26.8,"GR"
"301","Hungary","2003",20.5,"HU"
"302","Iceland","2003",5.5,"IS"
"303","India","2003",14.9,"IN"
"304","Indonesia","2003",NA,"ID"
"305","Iran(IslamicRepublicof)","2003",NA,"IR"
"306","Ireland","2003",11,"IE"
"307","Israel","2003",15.5,"IL"
"308","Italy","2003",13.6,"IT"
"309","Japan","2003",7.2,"JP"
"310","Jordan","2003",NA,"JO"
"311","Kazakhstan","2003",NA,"KZ"
"312","Kenya","2003",NA,"KE"
"313","Latvia","2003",17.4,"LV"
"314","Liechtenstein","2003",5.8,"LI"
"315","Lithuania","2003",NA,"LT"
"316","Luxembourg","2003",4.6,"LU"
"317","Malaysia","2003",11.8,"MY"
"318","Malta","2003",NA,"MT"
"319","Mauritius","2003",NA,"MU"
"320","Mexico","2003",11,"MX"
"321","Monaco","2003",22.2,"MC"
"322","Morocco","2003",NA,"MA"
"323","Namibia","2003",NA,"NA"
"324","Netherlands","2003",10.3,"NL"
"325","New Zealand","2003",12.3,"NZ"
"326","Norway","2003",6.8,"NO"
"327","Oman","2003",NA,"OM"
"328","Panama","2003",13.3,"PA"
"329","Peru","2003",NA,"PE"
"330","Philippines","2003",16.1,"PH"
"331","Poland","2003",13.3,"PL"
"332","Portugal","2003",23.1,"PT"
"333","Qatar","2003",NA,"QA"
"334","Republic of Korea","2003",23.3,"KR"
"335","Romania","2003",16,"RO"
"336","Russian Federation","2003",10.1,"RU"
"337","Saudi Arabia","2003",NA,"SA"
"338","Serbia","2003",NA,"RS"
"339","Seychelles","2003",NA,"SC"
"340","Singapore","2003",24.5,"SG"
"341","Slovakia","2003",11.4,"SK"
"342","Slovenia","2003",24.8,"SI"
"343","South Africa","2003",9.2,"ZA"
"344","Spain","2003",19.2,"ES"
"345","Sri Lanka","2003",NA,"LK"
"346","Sweden","2003",9.1,"SE"
"347","Switzerland","2003",10.7,"CH"
"348","Thailand","2003",NA,"TH"
"349","Tunisia","2003",NA,"TN"
"350","Turkey","2003",13.5,"TR"
"351","Ukraine","2003",7.8,"UA"
"352","United Arab Emirates","2003",NA,"AE"
"353","United Kingdom","2003",11.7,"GB"
"354","United States of America","2003",14.2,"US"
"355","Uruguay","2003",3.8,"UY"
"356","Vietnam","2003",NA,"VN"
"357","Algeria","2004",NA,"DZ"
"358","Antigua and Barbuda","2004",NA,"AG"
"359","Argentina","2004",20,"AR"
"360","Armenia","2004",NA,"AM"
"361","Australia","2004",12.4,"AU"
"362","Austria","2004",6.4,"AT"
"363","Azerbaijan","2004",NA,"AZ"
"364","Bahamas","2004",5,"BS"
"365","Barbados","2004",10.8,"BB"
"366","Belarus","2004",4.5,"BY"
"367","Belgium","2004",15.9,"BE"
"368","Bermuda","2004",NA,"BM"
"369","Bosnia and Herzegovina","2004",NA,"BA"
"370","Brazil","2004",19.3,"BR"
"371","Bulgaria","2004",8.3,"BG"
"372","Canada","2004",13.9,"CA"
"373","Chile","2004",NA,"CL"
"374","China","2004",30.6,"CN"
"375","Colombia","2004",6.3,"CO"
"376","Costa Rica","2004",NA,"CR"
"377","Croatia","2004",31.9,"HR"
"378","Cuba","2004",47.1,"CU"
"379","Cyprus","2004",3.6,"CY"
"380","Czech Republic","2004",11.7,"CZ"
"381","Denmark","2004",15.3,"DK"
"382","Ecuador","2004",NA,"EC"
"383","Egypt","2004",11.5,"EG"
"384","Estonia","2004",NA,"EE"
"385","Finland","2004",11.6,"FI"
"386","France","2004",15.4,"FR"
"387","Georgia","2004",NA,"GE"
"388","Germany","2004",7.8,"DE"
"389","Greece","2004",12.5,"GR"
"390","Hungary","2004",14.2,"HU"
"391","Iceland","2004",15.1,"IS"
"392","India","2004",15,"IN"
"393","Indonesia","2004",NA,"ID"
"394","Iran(IslamicRepublicof)","2004",NA,"IR"
"395","Ireland","2004",11.9,"IE"
"396","Israel","2004",16.2,"IL"
"397","Italy","2004",12.8,"IT"
"398","Japan","2004",7.3,"JP"
"399","Jordan","2004",NA,"JO"
"400","Kazakhstan","2004",44,"KZ"
"401","Kenya","2004",NA,"KE"
"402","Latvia","2004",NA,"LV"
"403","Liechtenstein","2004",5.7,"LI"
"404","Lithuania","2004",NA,"LT"
"405","Luxembourg","2004",8,"LU"
"406","Malaysia","2004",17.9,"MY"
"407","Malta","2004",NA,"MT"
"408","Mauritius","2004",8.3,"MU"
"409","Mexico","2004",8.2,"MX"
"410","Monaco","2004",15.6,"MC"
"411","Morocco","2004",6.3,"MA"
"412","Namibia","2004",NA,"NA"
"413","Netherlands","2004",9.7,"NL"
"414","New Zealand","2004",10.1,"NZ"
"415","Norway","2004",8.2,"NO"
"416","Oman","2004",NA,"OM"
"417","Panama","2004",6.3,"PA"
"418","Peru","2004",NA,"PE"
"419","Philippines","2004",25,"PH"
"420","Poland","2004",22.1,"PL"
"421","Portugal","2004",28.4,"PT"
"422","Qatar","2004",NA,"QA"
"423","Republic of Korea","2004",24.3,"KR"
"424","Romania","2004",NA,"RO"
"425","Russian Federation","2004",12.2,"RU"
"426","Saudi Arabia","2004",4.8,"SA"
"427","Serbia","2004",NA,"RS"
"428","Seychelles","2004",NA,"SC"
"429","Singapore","2004",21.2,"SG"
"430","Slovakia","2004",7.5,"SK"
"431","Slovenia","2004",31.9,"SI"
"432","South Africa","2004",9.1,"ZA"
"433","Spain","2004",17.9,"ES"
"434","Sri Lanka","2004",NA,"LK"
"435","Sweden","2004",10.2,"SE"
"436","Switzerland","2004",12.7,"CH"
"437","Thailand","2004",NA,"TH"
"438","Tunisia","2004",NA,"TN"
"439","Turkey","2004",8.5,"TR"
"440","Ukraine","2004",12.2,"UA"
"441","United Arab Emirates","2004",NA,"AE"
"442","United Kingdom","2004",12.3,"GB"
"443","United States of America","2004",13.6,"US"
"444","Uruguay","2004",NA,"UY"
"445","Vietnam","2004",NA,"VN"
"446","Algeria","2005",NA,"DZ"
"447","Antigua and Barbuda","2005",NA,"AG"
"448","Argentina","2005",13.3,"AR"
"449","Armenia","2005",NA,"AM"
"450","Australia","2005",13.5,"AU"
"451","Austria","2005",6.4,"AT"
"452","Azerbaijan","2005",NA,"AZ"
"453","Bahamas","2005",19.7,"BS"
"454","Barbados","2005",14.4,"BB"
"455","Belarus","2005",NA,"BY"
"456","Belgium","2005",14.9,"BE"
"457","Bermuda","2005",NA,"BM"
"458","Bosnia and Herzegovina","2005",NA,"BA"
"459","Brazil","2005",18.8,"BR"
"460","Bulgaria","2005",13.8,"BG"
"461","Canada","2005",13.8,"CA"
"462","Chile","2005",NA,"CL"
"463","China","2005",29.5,"CN"
"464","Colombia","2005",11.1,"CO"
"465","Costa Rica","2005",NA,"CR"
"466","Croatia","2005",29.1,"HR"
"467","Cuba","2005",43.9,"CU"
"468","Cyprus","2005",4.3,"CY"
"469","Czech Republic","2005",13.9,"CZ"
"470","Denmark","2005",15.9,"DK"
"471","Ecuador","2005",NA,"EC"
"472","Egypt","2005",3.8,"EG"
"473","Estonia","2005",15.2,"EE"
"474","Finland","2005",10.8,"FI"
"475","France","2005",15.1,"FR"
"476","Georgia","2005",NA,"GE"
"477","Germany","2005",8.3,"DE"
"478","Greece","2005",6.5,"GR"
"479","Hungary","2005",21.5,"HU"
"480","Iceland","2005",11.2,"IS"
"481","India","2005",13.8,"IN"
"482","Indonesia","2005",NA,"ID"
"483","Iran(IslamicRepublicof)","2005",NA,"IR"
"484","Ireland","2005",10.9,"IE"
"485","Israel","2005",17.9,"IL"
"486","Italy","2005",14.5,"IT"
"487","Japan","2005",7.3,"JP"
"488","Jordan","2005",NA,"JO"
"489","Kazakhstan","2005",NA,"KZ"
"490","Kenya","2005",NA,"KE"
"491","Latvia","2005",5,"LV"
"492","Liechtenstein","2005",10.8,"LI"
"493","Lithuania","2005",NA,"LT"
"494","Luxembourg","2005",8.7,"LU"
"495","Malaysia","2005",28.1,"MY"
"496","Malta","2005",NA,"MT"
"497","Mauritius","2005",NA,"MU"
"498","Mexico","2005",17.9,"MX"
"499","Monaco","2005",6.4,"MC"
"500","Morocco","2005",NA,"MA"
"501","Namibia","2005",NA,"NA"
"502","Netherlands","2005",9.7,"NL"
"503","New Zealand","2005",12.6,"NZ"
"504","Norway","2005",5.8,"NO"
"505","Oman","2005",NA,"OM"
"506","Panama","2005",8.3,"PA"
"507","Peru","2005",NA,"PE"
"508","Philippines","2005",41.7,"PH"
"509","Poland","2005",24.9,"PL"
"510","Portugal","2005",22.3,"PT"
"511","Qatar","2005",NA,"QA"
"512","Republic of Korea","2005",23,"KR"
"513","Romania","2005",20.5,"RO"
"514","Russian Federation","2005",9,"RU"
"515","Saudi Arabia","2005",12.1,"SA"
"516","Serbia","2005",NA,"RS"
"517","Seychelles","2005",NA,"SC"
"518","Singapore","2005",24.8,"SG"
"519","Slovakia","2005",10.2,"SK"
"520","Slovenia","2005",35,"SI"
"521","South Africa","2005",10.3,"ZA"
"522","Spain","2005",19.6,"ES"
"523","Sri Lanka","2005",NA,"LK"
"524","Sweden","2005",10,"SE"
"525","Switzerland","2005",12.8,"CH"
"526","Thailand","2005",NA,"TH"
"527","Tunisia","2005",NA,"TN"
"528","Turkey","2005",8.4,"TR"
"529","Ukraine","2005",9.5,"UA"
"530","United Arab Emirates","2005",4.8,"AE"
"531","United Kingdom","2005",11.9,"GB"
"532","United States of America","2005",13,"US"
"533","Uruguay","2005",NA,"UY"
"534","Vietnam","2005",NA,"VN"
"535","Algeria","2006",NA,"DZ"
"536","Antigua and Barbuda","2006",NA,"AG"
"537","Argentina","2006",14.3,"AR"
"538","Armenia","2006",NA,"AM"
"539","Australia","2006",12.1,"AU"
"540","Austria","2006",5.5,"AT"
"541","Azerbaijan","2006",NA,"AZ"
"542","Bahamas","2006",8.6,"BS"
"543","Barbados","2006",16.2,"BB"
"544","Belarus","2006",5,"BY"
"545","Belgium","2006",16,"BE"
"546","Bermuda","2006",NA,"BM"
"547","Bosnia and Herzegovina","2006",NA,"BA"
"548","Brazil","2006",20.5,"BR"
"549","Bulgaria","2006",18.6,"BG"
"550","Canada","2006",12.8,"CA"
"551","Chile","2006",10.9,"CL"
"552","China","2006",27.2,"CN"
"553","Colombia","2006",18.8,"CO"
"554","Costa Rica","2006",NA,"CR"
"555","Croatia","2006",34.1,"HR"
"556","Cuba","2006",40,"CU"
"557","Cyprus","2006",2,"CY"
"558","Czech Republic","2006",12.6,"CZ"
"559","Denmark","2006",15.7,"DK"
"560","Ecuador","2006",NA,"EC"
"561","Egypt","2006",6.5,"EG"
"562","Estonia","2006",32,"EE"
"563","Finland","2006",10.9,"FI"
"564","France","2006",15.1,"FR"
"565","Georgia","2006",NA,"GE"
"566","Germany","2006",7.9,"DE"
"567","Greece","2006",11.2,"GR"
"568","Hungary","2006",22.1,"HU"
"569","Iceland","2006",12.4,"IS"
"570","India","2006",16.7,"IN"
"571","Indonesia","2006",NA,"ID"
"572","Iran(IslamicRepublicof)","2006",NA,"IR"
"573","Ireland","2006",10.1,"IE"
"574","Israel","2006",18.6,"IL"
"575","Italy","2006",14.2,"IT"
"576","Japan","2006",7.2,"JP"
"577","Jordan","2006",NA,"JO"
"578","Kazakhstan","2006",NA,"KZ"
"579","Kenya","2006",NA,"KE"
"580","Latvia","2006",7.4,"LV"
"581","Liechtenstein","2006",3.1,"LI"
"582","Lithuania","2006",8.3,"LT"
"583","Luxembourg","2006",10.7,"LU"
"584","Malaysia","2006",18.9,"MY"
"585","Malta","2006",NA,"MT"
"586","Mauritius","2006",NA,"MU"
"587","Mexico","2006",16.3,"MX"
"588","Monaco","2006",7.7,"MC"
"589","Morocco","2006",7.7,"MA"
"590","Namibia","2006",NA,"NA"
"591","Netherlands","2006",10.6,"NL"
"592","New Zealand","2006",13.7,"NZ"
"593","Norway","2006",6.8,"NO"
"594","Oman","2006",NA,"OM"
"595","Panama","2006",3.6,"PA"
"596","Peru","2006",NA,"PE"
"597","Philippines","2006",15.2,"PH"
"598","Poland","2006",17.8,"PL"
"599","Portugal","2006",11.6,"PT"
"600","Qatar","2006",NA,"QA"
"601","Republic of Korea","2006",23.6,"KR"
"602","Romania","2006",31.6,"RO"
"603","Russian Federation","2006",12.1,"RU"
"604","Saudi Arabia","2006",14.1,"SA"
"605","Serbia","2006",NA,"RS"
"606","Seychelles","2006",NA,"SC"
"607","Singapore","2006",25.8,"SG"
"608","Slovakia","2006",10,"SK"
"609","Slovenia","2006",19.6,"SI"
"610","South Africa","2006",9.2,"ZA"
"611","Spain","2006",21.5,"ES"
"612","Sri Lanka","2006",NA,"LK"
"613","Sweden","2006",10.4,"SE"
"614","Switzerland","2006",13.7,"CH"
"615","Thailand","2006",NA,"TH"
"616","Tunisia","2006",NA,"TN"
"617","Turkey","2006",11.3,"TR"
"618","Ukraine","2006",14.2,"UA"
"619","United Arab Emirates","2006",NA,"AE"
"620","United Kingdom","2006",11.9,"GB"
"621","United States of America","2006",12.8,"US"
"622","Uruguay","2006",NA,"UY"
"623","Vietnam","2006",NA,"VN"
"624","Algeria","2007",NA,"DZ"
"625","Antigua and Barbuda","2007",NA,"AG"
"626","Argentina","2007",28.8,"AR"
"627","Armenia","2007",NA,"AM"
"628","Australia","2007",12.9,"AU"
"629","Austria","2007",7.2,"AT"
"630","Azerbaijan","2007",22.7,"AZ"
"631","Bahamas","2007",6.1,"BS"
"632","Barbados","2007",18.6,"BB"
"633","Belarus","2007",NA,"BY"
"634","Belgium","2007",18.3,"BE"
"635","Bermuda","2007",NA,"BM"
"636","Bosnia and Herzegovina","2007",NA,"BA"
"637","Brazil","2007",19.2,"BR"
"638","Bulgaria","2007",7.9,"BG"
"639","Canada","2007",14.4,"CA"
"640","Chile","2007",4.8,"CL"
"641","China","2007",26.1,"CN"
"642","Colombia","2007",11.6,"CO"
"643","Costa Rica","2007",NA,"CR"
"644","Croatia","2007",30.1,"HR"
"645","Cuba","2007",41.5,"CU"
"646","Cyprus","2007",7.8,"CY"
"647","Czech Republic","2007",7.7,"CZ"
"648","Denmark","2007",13.6,"DK"
"649","Ecuador","2007",NA,"EC"
"650","Egypt","2007",2.5,"EG"
"651","Estonia","2007",14.3,"EE"
"652","Finland","2007",12.5,"FI"
"653","France","2007",15.3,"FR"
"654","Georgia","2007",NA,"GE"
"655","Germany","2007",7.9,"DE"
"656","Greece","2007",16.3,"GR"
"657","Hungary","2007",22.2,"HU"
"658","Iceland","2007",20,"IS"
"659","India","2007",13.9,"IN"
"660","Indonesia","2007",NA,"ID"
"661","Iran(IslamicRepublicof)","2007",NA,"IR"
"662","Ireland","2007",13.4,"IE"
"663","Israel","2007",15.5,"IL"
"664","Italy","2007",14.1,"IT"
"665","Japan","2007",7.1,"JP"
"666","Jordan","2007",NA,"JO"
"667","Kazakhstan","2007",19.1,"KZ"
"668","Kenya","2007",NA,"KE"
"669","Latvia","2007",27.8,"LV"
"670","Liechtenstein","2007",5.4,"LI"
"671","Lithuania","2007",8.7,"LT"
"672","Luxembourg","2007",5.5,"LU"
"673","Malaysia","2007",24.2,"MY"
"674","Malta","2007",23.7,"MT"
"675","Mauritius","2007",NA,"MU"
"676","Mexico","2007",16.9,"MX"
"677","Monaco","2007",19.2,"MC"
"678","Morocco","2007",NA,"MA"
"679","Namibia","2007",NA,"NA"
"680","Netherlands","2007",10.1,"NL"
"681","New Zealand","2007",12,"NZ"
"682","Norway","2007",7.9,"NO"
"683","Oman","2007",NA,"OM"
"684","Panama","2007",NA,"PA"
"685","Peru","2007",NA,"PE"
"686","Philippines","2007",38.8,"PH"
"687","Poland","2007",22.1,"PL"
"688","Portugal","2007",27.4,"PT"
"689","Qatar","2007",NA,"QA"
"690","Republic of Korea","2007",24.5,"KR"
"691","Romania","2007",14.3,"RO"
"692","Russian Federation","2007",12.6,"RU"
"693","Saudi Arabia","2007",11.9,"SA"
"694","Serbia","2007",16.7,"RS"
"695","Seychelles","2007",NA,"SC"
"696","Singapore","2007",21.4,"SG"
"697","Slovakia","2007",13.6,"SK"
"698","Slovenia","2007",24.5,"SI"
"699","South Africa","2007",9.6,"ZA"
"700","Spain","2007",23.2,"ES"
"701","Sri Lanka","2007",NA,"LK"
"702","Sweden","2007",10.9,"SE"
"703","Switzerland","2007",13.9,"CH"
"704","Thailand","2007",NA,"TH"
"705","Tunisia","2007",NA,"TN"
"706","Turkey","2007",11,"TR"
"707","Ukraine","2007",13.3,"UA"
"708","United Arab Emirates","2007",NA,"AE"
"709","United Kingdom","2007",11.9,"GB"
"710","United States of America","2007",12.7,"US"
"711","Uruguay","2007",NA,"UY"
"712","Vietnam","2007",21.4,"VN"
"713","Algeria","2008",45.8,"DZ"
"714","Antigua and Barbuda","2008",NA,"AG"
"715","Argentina","2008",20,"AR"
"716","Armenia","2008",NA,"AM"
"717","Australia","2008",12.3,"AU"
"718","Austria","2008",8.7,"AT"
"719","Azerbaijan","2008",NA,"AZ"
"720","Bahamas","2008",9.3,"BS"
"721","Barbados","2008",14,"BB"
"722","Belarus","2008",NA,"BY"
"723","Belgium","2008",16.8,"BE"
"724","Bermuda","2008",NA,"BM"
"725","Bosnia and Herzegovina","2008",41.2,"BA"
"726","Brazil","2008",21.3,"BR"
"727","Bulgaria","2008",14.3,"BG"
"728","Canada","2008",13.2,"CA"
"729","Chile","2008",21.2,"CL"
"730","China","2008",26.7,"CN"
"731","Colombia","2008",20.7,"CO"
"732","Costa Rica","2008",NA,"CR"
"733","Croatia","2008",29.9,"HR"
"734","Cuba","2008",48.5,"CU"
"735","Cyprus","2008",11.5,"CY"
"736","Czech Republic","2008",13.7,"CZ"
"737","Denmark","2008",14.9,"DK"
"738","Ecuador","2008",NA,"EC"
"739","Egypt","2008",5.3,"EG"
"740","Estonia","2008",21.8,"EE"
"741","Finland","2008",12.4,"FI"
"742","France","2008",15.2,"FR"
"743","Georgia","2008",23.1,"GE"
"744","Germany","2008",7.9,"DE"
"745","Greece","2008",16.9,"GR"
"746","Hungary","2008",20.1,"HU"
"747","Iceland","2008",11.8,"IS"
"748","India","2008",14.5,"IN"
"749","Indonesia","2008",12.5,"ID"
"750","Iran(IslamicRepublicof)","2008",NA,"IR"
"751","Ireland","2008",12.8,"IE"
"752","Israel","2008",13.5,"IL"
"753","Italy","2008",13.7,"IT"
"754","Japan","2008",7.4,"JP"
"755","Jordan","2008",NA,"JO"
"756","Kazakhstan","2008",NA,"KZ"
"757","Kenya","2008",NA,"KE"
"758","Latvia","2008",9.8,"LV"
"759","Liechtenstein","2008",4.3,"LI"
"760","Lithuania","2008",17.9,"LT"
"761","Luxembourg","2008",8.2,"LU"
"762","Malaysia","2008",23.2,"MY"
"763","Malta","2008",2.6,"MT"
"764","Mauritius","2008",NA,"MU"
"765","Mexico","2008",21.1,"MX"
"766","Monaco","2008",NA,"MC"
"767","Morocco","2008",11.1,"MA"
"768","Namibia","2008",NA,"NA"
"769","Netherlands","2008",11.1,"NL"
"770","New Zealand","2008",13.4,"NZ"
"771","Norway","2008",10.3,"NO"
"772","Oman","2008",NA,"OM"
"773","Panama","2008",NA,"PA"
"774","Peru","2008",NA,"PE"
"775","Philippines","2008",11.1,"PH"
"776","Poland","2008",19.4,"PL"
"777","Portugal","2008",27.9,"PT"
"778","Qatar","2008",NA,"QA"
"779","Republic of Korea","2008",23.9,"KR"
"780","Romania","2008",4.5,"RO"
"781","Russian Federation","2008",14.3,"RU"
"782","Saudi Arabia","2008",8.7,"SA"
"783","Serbia","2008",3.1,"RS"
"784","Seychelles","2008",NA,"SC"
"785","Singapore","2008",28.2,"SG"
"786","Slovakia","2008",10.9,"SK"
"787","Slovenia","2008",24.3,"SI"
"788","South Africa","2008",7.5,"ZA"
"789","Spain","2008",20.5,"ES"
"790","Sri Lanka","2008",NA,"LK"
"791","Sweden","2008",10.9,"SE"
"792","Switzerland","2008",13.5,"CH"
"793","Thailand","2008",NA,"TH"
"794","Tunisia","2008",NA,"TN"
"795","Turkey","2008",12.8,"TR"
"796","Ukraine","2008",6.5,"UA"
"797","United Arab Emirates","2008",4.2,"AE"
"798","United Kingdom","2008",12,"GB"
"799","United States of America","2008",12.7,"US"
"800","Uruguay","2008",NA,"UY"
"801","Vietnam","2008",NA,"VN"
"802","Algeria","2009",NA,"DZ"
"803","Antigua and Barbuda","2009",NA,"AG"
"804","Argentina","2009",26.8,"AR"
"805","Armenia","2009",NA,"AM"
"806","Australia","2009",13.8,"AU"
"807","Austria","2009",9,"AT"
"808","Azerbaijan","2009",NA,"AZ"
"809","Bahamas","2009",15.3,"BS"
"810","Barbados","2009",12,"BB"
"811","Belarus","2009",NA,"BY"
"812","Belgium","2009",16.6,"BE"
"813","Bermuda","2009",NA,"BM"
"814","Bosnia and Herzegovina","2009",NA,"BA"
"815","Brazil","2009",20.1,"BR"
"816","Bulgaria","2009",2.1,"BG"
"817","Canada","2009",12.8,"CA"
"818","Chile","2009",23.3,"CL"
"819","China","2009",27.3,"CN"
"820","Colombia","2009",27.7,"CO"
"821","Costa Rica","2009",NA,"CR"
"822","Croatia","2009",28.3,"HR"
"823","Cuba","2009",55.4,"CU"
"824","Cyprus","2009",3.1,"CY"
"825","Czech Republic","2009",11.9,"CZ"
"826","Denmark","2009",14.2,"DK"
"827","Ecuador","2009",NA,"EC"
"828","Egypt","2009",5.9,"EG"
"829","Estonia","2009",34.4,"EE"
"830","Finland","2009",10.4,"FI"
"831","France","2009",15.6,"FR"
"832","Georgia","2009",NA,"GE"
"833","Germany","2009",8.6,"DE"
"834","Greece","2009",23.7,"GR"
"835","Hungary","2009",17.3,"HU"
"836","Iceland","2009",7.2,"IS"
"837","India","2009",12.1,"IN"
"838","Indonesia","2009",NA,"ID"
"839","Iran(IslamicRepublicof)","2009",NA,"IR"
"840","Ireland","2009",14.9,"IE"
"841","Israel","2009",16.2,"IL"
"842","Italy","2009",12.7,"IT"
"843","Japan","2009",7.7,"JP"
"844","Jordan","2009",NA,"JO"
"845","Kazakhstan","2009",20,"KZ"
"846","Kenya","2009",NA,"KE"
"847","Latvia","2009",18.4,"LV"
"848","Liechtenstein","2009",22.9,"LI"
"849","Lithuania","2009",10.8,"LT"
"850","Luxembourg","2009",3.1,"LU"
"851","Malaysia","2009",27.3,"MY"
"852","Malta","2009",NA,"MT"
"853","Mauritius","2009",NA,"MU"
"854","Mexico","2009",19.1,"MX"
"855","Monaco","2009",20,"MC"
"856","Morocco","2009",6.3,"MA"
"857","Namibia","2009",NA,"NA"
"858","Netherlands","2009",11.7,"NL"
"859","New Zealand","2009",16.5,"NZ"
"860","Norway","2009",8.9,"NO"
"861","Oman","2009",NA,"OM"
"862","Panama","2009",NA,"PA"
"863","Peru","2009",NA,"PE"
"864","Philippines","2009",10,"PH"
"865","Poland","2009",23.9,"PL"
"866","Portugal","2009",21.6,"PT"
"867","Qatar","2009",NA,"QA"
"868","Republic of Korea","2009",23.8,"KR"
"869","Romania","2009",NA,"RO"
"870","Russian Federation","2009",12.2,"RU"
"871","Saudi Arabia","2009",7.8,"SA"
"872","Serbia","2009",9.1,"RS"
"873","Seychelles","2009",NA,"SC"
"874","Singapore","2009",24.1,"SG"
"875","Slovakia","2009",8.2,"SK"
"876","Slovenia","2009",21.4,"SI"
"877","South Africa","2009",11.3,"ZA"
"878","Spain","2009",21.6,"ES"
"879","Sri Lanka","2009",NA,"LK"
"880","Sweden","2009",10.3,"SE"
"881","Switzerland","2009",14,"CH"
"882","Thailand","2009",NA,"TH"
"883","Tunisia","2009",NA,"TN"
"884","Turkey","2009",14.1,"TR"
"885","Ukraine","2009",8.5,"UA"
"886","United Arab Emirates","2009",14.8,"AE"
"887","United Kingdom","2009",11.5,"GB"
"888","United States of America","2009",13.2,"US"
"889","Uruguay","2009",NA,"UY"
"890","Vietnam","2009",NA,"VN"
"891","Algeria","2010",27.3,"DZ"
"892","Antigua and Barbuda","2010",NA,"AG"
"893","Argentina","2010",15.4,"AR"
"894","Armenia","2010",NA,"AM"
"895","Australia","2010",13.2,"AU"
"896","Austria","2010",8.9,"AT"
"897","Azerbaijan","2010",NA,"AZ"
"898","Bahamas","2010",15.8,"BS"
"899","Barbados","2010",19.5,"BB"
"900","Belarus","2010",4,"BY"
"901","Belgium","2010",18.3,"BE"
"902","Bermuda","2010",9.1,"BM"
"903","Bosnia and Herzegovina","2010",7.1,"BA"
"904","Brazil","2010",17.4,"BR"
"905","Bulgaria","2010",8.3,"BG"
"906","Canada","2010",13.1,"CA"
"907","Chile","2010",16,"CL"
"908","China","2010",28.8,"CN"
"909","Colombia","2010",16.1,"CO"
"910","Costa Rica","2010",NA,"CR"
"911","Croatia","2010",37.3,"HR"
"912","Cuba","2010",NA,"CU"
"913","Cyprus","2010",2.1,"CY"
"914","Czech Republic","2010",15,"CZ"
"915","Denmark","2010",16.7,"DK"
"916","Ecuador","2010",10.7,"EC"
"917","Egypt","2010",8.9,"EG"
"918","Estonia","2010",23.7,"EE"
"919","Finland","2010",11.7,"FI"
"920","France","2010",16.3,"FR"
"921","Georgia","2010",NA,"GE"
"922","Germany","2010",9.4,"DE"
"923","Greece","2010",12.6,"GR"
"924","Hungary","2010",21,"HU"
"925","Iceland","2010",6.8,"IS"
"926","India","2010",13.2,"IN"
"927","Indonesia","2010",35.3,"ID"
"928","Iran(IslamicRepublicof)","2010",NA,"IR"
"929","Ireland","2010",14.5,"IE"
"930","Israel","2010",14.9,"IL"
"931","Italy","2010",15.5,"IT"
"932","Japan","2010",7.7,"JP"
"933","Jordan","2010",NA,"JO"
"934","Kazakhstan","2010",12,"KZ"
"935","Kenya","2010",NA,"KE"
"936","Latvia","2010",19.8,"LV"
"937","Liechtenstein","2010",6.1,"LI"
"938","Lithuania","2010",21.2,"LT"
"939","Luxembourg","2010",6.9,"LU"
"940","Malaysia","2010",23.5,"MY"
"941","Malta","2010",8.2,"MT"
"942","Mauritius","2010",NA,"MU"
"943","Mexico","2010",15.1,"MX"
"944","Monaco","2010",13.8,"MC"
"945","Morocco","2010",21.1,"MA"
"946","Namibia","2010",NA,"NA"
"947","Netherlands","2010",11.2,"NL"
"948","New Zealand","2010",13.9,"NZ"
"949","Norway","2010",9.1,"NO"
"950","Oman","2010",NA,"OM"
"951","Panama","2010",NA,"PA"
"952","Peru","2010",NA,"PE"
"953","Philippines","2010",5.3,"PH"
"954","Poland","2010",24.2,"PL"
"955","Portugal","2010",27.6,"PT"
"956","Qatar","2010",NA,"QA"
"957","Republic of Korea","2010",27,"KR"
"958","Romania","2010",5,"RO"
"959","Russian Federation","2010",10.7,"RU"
"960","Saudi Arabia","2010",5.1,"SA"
"961","Serbia","2010",5,"RS"
"962","Seychelles","2010",7.4,"SC"
"963","Singapore","2010",23.3,"SG"
"964","Slovakia","2010",1.7,"SK"
"965","Slovenia","2010",21.4,"SI"
"966","South Africa","2010",11.9,"ZA"
"967","Spain","2010",23.6,"ES"
"968","Sri Lanka","2010",NA,"LK"
"969","Sweden","2010",10.6,"SE"
"970","Switzerland","2010",14.2,"CH"
"971","Thailand","2010",13.8,"TH"
"972","Tunisia","2010",NA,"TN"
"973","Turkey","2010",10.4,"TR"
"974","Ukraine","2010",10.1,"UA"
"975","United Arab Emirates","2010",27.6,"AE"
"976","United Kingdom","2010",12.1,"GB"
"977","United States of America","2010",13.5,"US"
"978","Uruguay","2010",NA,"UY"
"979","Vietnam","2010",NA,"VN"
"980","Algeria","2011",NA,"DZ"
"981","Antigua and Barbuda","2011",NA,"AG"
"982","Argentina","2011",40.9,"AR"
"983","Armenia","2011",NA,"AM"
"984","Australia","2011",11.3,"AU"
"985","Austria","2011",8.6,"AT"
"986","Azerbaijan","2011",NA,"AZ"
"987","Bahamas","2011",NA,"BS"
"988","Barbados","2011",16.2,"BB"
"989","Belarus","2011",6.9,"BY"
"990","Belgium","2011",15.4,"BE"
"991","Bermuda","2011",NA,"BM"
"992","Bosnia and Herzegovina","2011",NA,"BA"
"993","Brazil","2011",20.4,"BR"
"994","Bulgaria","2011",16,"BG"
"995","Canada","2011",12.2,"CA"
"996","Chile","2011",21.4,"CL"
"997","China","2011",28,"CN"
"998","Colombia","2011",16.5,"CO"
"999","Costa Rica","2011",NA,"CR"
"1000","Croatia","2011",28.3,"HR"
"1001","Cuba","2011",NA,"CU"
"1002","Cyprus","2011",14.3,"CY"
"1003","Czech Republic","2011",16.7,"CZ"
"1004","Denmark","2011",13.7,"DK"
"1005","Ecuador","2011",13.6,"EC"
"1006","Egypt","2011",6.1,"EG"
"1007","Estonia","2011",19,"EE"
"1008","Finland","2011",11.9,"FI"
"1009","France","2011",16.2,"FR"
"1010","Georgia","2011",NA,"GE"
"1011","Germany","2011",9.1,"DE"
"1012","Greece","2011",12.2,"GR"
"1013","Hungary","2011",16,"HU"
"1014","Iceland","2011",11.3,"IS"
"1015","India","2011",12.4,"IN"
"1016","Indonesia","2011",21.1,"ID"
"1017","Iran(IslamicRepublicof)","2011",NA,"IR"
"1018","Ireland","2011",11,"IE"
"1019","Israel","2011",13.6,"IL"
"1020","Italy","2011",14.1,"IT"
"1021","Japan","2011",7.9,"JP"
"1022","Jordan","2011",NA,"JO"
"1023","Kazakhstan","2011",11.4,"KZ"
"1024","Kenya","2011",NA,"KE"
"1025","Latvia","2011",13.2,"LV"
"1026","Liechtenstein","2011",1.2,"LI"
"1027","Lithuania","2011",2.9,"LT"
"1028","Luxembourg","2011",8.2,"LU"
"1029","Malaysia","2011",24.7,"MY"
"1030","Malta","2011",10.3,"MT"
"1031","Mauritius","2011",NA,"MU"
"1032","Mexico","2011",13.4,"MX"
"1033","Monaco","2011",25.6,"MC"
"1034","Morocco","2011",NA,"MA"
"1035","Namibia","2011",5.9,"NA"
"1036","Netherlands","2011",11.9,"NL"
"1037","New Zealand","2011",12,"NZ"
"1038","Norway","2011",9.3,"NO"
"1039","Oman","2011",NA,"OM"
"1040","Panama","2011",NA,"PA"
"1041","Peru","2011",NA,"PE"
"1042","Philippines","2011",NA,"PH"
"1043","Poland","2011",18.8,"PL"
"1044","Portugal","2011",24,"PT"
"1045","Qatar","2011",NA,"QA"
"1046","Republic of Korea","2011",26.7,"KR"
"1047","Romania","2011",18.4,"RO"
"1048","Russian Federation","2011",12.6,"RU"
"1049","Saudi Arabia","2011",9.2,"SA"
"1050","Serbia","2011",25.7,"RS"
"1051","Seychelles","2011",NA,"SC"
"1052","Singapore","2011",22.8,"SG"
"1053","Slovakia","2011",14.7,"SK"
"1054","Slovenia","2011",31,"SI"
"1055","South Africa","2011",12.2,"ZA"
"1056","Spain","2011",24.2,"ES"
"1057","Sri Lanka","2011",NA,"LK"
"1058","Sweden","2011",10.2,"SE"
"1059","Switzerland","2011",13.7,"CH"
"1060","Thailand","2011",13.6,"TH"
"1061","Tunisia","2011",NA,"TN"
"1062","Turkey","2011",11.7,"TR"
"1063","Ukraine","2011",9.1,"UA"
"1064","United Arab Emirates","2011",21,"AE"
"1065","United Kingdom","2011",11.8,"GB"
"1066","United States of America","2011",13.5,"US"
"1067","Uruguay","2011",NA,"UY"
"1068","Vietnam","2011",NA,"VN"
"1069","Algeria","2012",NA,"DZ"
"1070","Antigua and Barbuda","2012",NA,"AG"
"1071","Argentina","2012",21.4,"AR"
"1072","Armenia","2012",NA,"AM"
"1073","Australia","2012",11.9,"AU"
"1074","Austria","2012",6.8,"AT"
"1075","Azerbaijan","2012",NA,"AZ"
"1076","Bahamas","2012",13,"BS"
"1077","Barbados","2012",22.5,"BB"
"1078","Belarus","2012",NA,"BY"
"1079","Belgium","2012",14.3,"BE"
"1080","Bermuda","2012",NA,"BM"
"1081","Bosnia and Herzegovina","2012",NA,"BA"
"1082","Brazil","2012",21,"BR"
"1083","Bulgaria","2012",1.6,"BG"
"1084","Canada","2012",12.1,"CA"
"1085","Chile","2012",19,"CL"
"1086","China","2012",28.4,"CN"
"1087","Colombia","2012",16.2,"CO"
"1088","Costa Rica","2012",NA,"CR"
"1089","Croatia","2012",6.3,"HR"
"1090","Cuba","2012",NA,"CU"
"1091","Cyprus","2012",5.1,"CY"
"1092","Czech Republic","2012",16.4,"CZ"
"1093","Denmark","2012",13,"DK"
"1094","Ecuador","2012",4.3,"EC"
"1095","Egypt","2012",5.6,"EG"
"1096","Estonia","2012",18.5,"EE"
"1097","Finland","2012",11.3,"FI"
"1098","France","2012",17.4,"FR"
"1099","Georgia","2012",NA,"GE"
"1100","Germany","2012",8.9,"DE"
"1101","Greece","2012",18.4,"GR"
"1102","Hungary","2012",18.8,"HU"
"1103","Iceland","2012",14.9,"IS"
"1104","India","2012",13.8,"IN"
"1105","Indonesia","2012",38.1,"ID"
"1106","Iran(IslamicRepublicof)","2012",NA,"IR"
"1107","Ireland","2012",12.8,"IE"
"1108","Israel","2012",14.2,"IL"
"1109","Italy","2012",13.5,"IT"
"1110","Japan","2012",8.4,"JP"
"1111","Jordan","2012",NA,"JO"
"1112","Kazakhstan","2012",27.9,"KZ"
"1113","Kenya","2012",NA,"KE"
"1114","Latvia","2012",29.5,"LV"
"1115","Liechtenstein","2012",1.5,"LI"
"1116","Lithuania","2012",14.6,"LT"
"1117","Luxembourg","2012",8.5,"LU"
"1118","Malaysia","2012",27.8,"MY"
"1119","Malta","2012",6.9,"MT"
"1120","Mauritius","2012",NA,"MU"
"1121","Mexico","2012",19.8,"MX"
"1122","Monaco","2012",18.2,"MC"
"1123","Morocco","2012",16.7,"MA"
"1124","Namibia","2012",22.2,"NA"
"1125","Netherlands","2012",12.7,"NL"
"1126","New Zealand","2012",9.9,"NZ"
"1127","Norway","2012",8.5,"NO"
"1128","Oman","2012",NA,"OM"
"1129","Panama","2012",7.7,"PA"
"1130","Peru","2012",NA,"PE"
"1131","Philippines","2012",12.5,"PH"
"1132","Poland","2012",20.4,"PL"
"1133","Portugal","2012",27.9,"PT"
"1134","Qatar","2012",NA,"QA"
"1135","Republic of Korea","2012",27.5,"KR"
"1136","Romania","2012",28.2,"RO"
"1137","Russian Federation","2012",13.3,"RU"
"1138","Saudi Arabia","2012",8.5,"SA"
"1139","Serbia","2012",11.8,"RS"
"1140","Seychelles","2012",NA,"SC"
"1141","Singapore","2012",19.5,"SG"
"1142","Slovakia","2012",13,"SK"
"1143","Slovenia","2012",24.7,"SI"
"1144","South Africa","2012",7.8,"ZA"
"1145","Spain","2012",24,"ES"
"1146","Sri Lanka","2012",NA,"LK"
"1147","Sweden","2012",11,"SE"
"1148","Switzerland","2012",14.6,"CH"
"1149","Thailand","2012",18.8,"TH"
"1150","Tunisia","2012",NA,"TN"
"1151","Turkey","2012",8.8,"TR"
"1152","Ukraine","2012",3.9,"UA"
"1153","United Arab Emirates","2012",24.7,"AE"
"1154","United Kingdom","2012",12.6,"GB"
"1155","United States of America","2012",13.4,"US"
"1156","Uruguay","2012",NA,"UY"
"1157","Vietnam","2012",41.2,"VN"
"1158","Algeria","2013",NA,"DZ"
"1159","Antigua and Barbuda","2013",NA,"AG"
"1160","Argentina","2013",31.2,"AR"
"1161","Armenia","2013",NA,"AM"
"1162","Australia","2013",12.2,"AU"
"1163","Austria","2013",7.8,"AT"
"1164","Azerbaijan","2013",NA,"AZ"
"1165","Bahamas","2013",NA,"BS"
"1166","Barbados","2013",16.2,"BB"
"1167","Belarus","2013",12.5,"BY"
"1168","Belgium","2013",15.6,"BE"
"1169","Bermuda","2013",NA,"BM"
"1170","Bosnia and Herzegovina","2013",NA,"BA"
"1171","Brazil","2013",20.2,"BR"
"1172","Bulgaria","2013",10.9,"BG"
"1173","Canada","2013",12.6,"CA"
"1174","Chile","2013",20.9,"CL"
"1175","China","2013",28,"CN"
"1176","Colombia","2013",23.1,"CO"
"1177","Costa Rica","2013",NA,"CR"
"1178","Croatia","2013",10.4,"HR"
"1179","Cuba","2013",49.3,"CU"
"1180","Cyprus","2013",8.2,"CY"
"1181","Czech Republic","2013",13.9,"CZ"
"1182","Denmark","2013",15.9,"DK"
"1183","Ecuador","2013",2.6,"EC"
"1184","Egypt","2013",8.6,"EG"
"1185","Estonia","2013",15.8,"EE"
"1186","Finland","2013",12.5,"FI"
"1187","France","2013",18.3,"FR"
"1188","Georgia","2013",NA,"GE"
"1189","Germany","2013",9.6,"DE"
"1190","Greece","2013",17.7,"GR"
"1191","Hungary","2013",15,"HU"
"1192","Iceland","2013",18.2,"IS"
"1193","India","2013",13.1,"IN"
"1194","Indonesia","2013",NA,"ID"
"1195","Iran(IslamicRepublicof)","2013",NA,"IR"
"1196","Ireland","2013",15.3,"IE"
"1197","Israel","2013",15.4,"IL"
"1198","Italy","2013",14,"IT"
"1199","Japan","2013",8.2,"JP"
"1200","Jordan","2013",NA,"JO"
"1201","Kazakhstan","2013",18.2,"KZ"
"1202","Kenya","2013",NA,"KE"
"1203","Latvia","2013",27.7,"LV"
"1204","Liechtenstein","2013",6.4,"LI"
"1205","Lithuania","2013",14,"LT"
"1206","Luxembourg","2013",10.8,"LU"
"1207","Malaysia","2013",24.7,"MY"
"1208","Malta","2013",5,"MT"
"1209","Mauritius","2013",NA,"MU"
"1210","Mexico","2013",16.3,"MX"
"1211","Monaco","2013",11.5,"MC"
"1212","Morocco","2013",30.3,"MA"
"1213","Namibia","2013",8,"NA"
"1214","Netherlands","2013",13.6,"NL"
"1215","New Zealand","2013",9.8,"NZ"
"1216","Norway","2013",10,"NO"
"1217","Oman","2013",NA,"OM"
"1218","Panama","2013",24.3,"PA"
"1219","Peru","2013",11.8,"PE"
"1220","Philippines","2013",31,"PH"
"1221","Poland","2013",27.1,"PL"
"1222","Portugal","2013",29.7,"PT"
"1223","Qatar","2013",NA,"QA"
"1224","Republic of Korea","2013",26.3,"KR"
"1225","Romania","2013",9.8,"RO"
"1226","Russian Federation","2013",13,"RU"
"1227","Saudi Arabia","2013",7,"SA"
"1228","Serbia","2013",37.2,"RS"
"1229","Seychelles","2013",NA,"SC"
"1230","Singapore","2013",20.6,"SG"
"1231","Slovakia","2013",13.3,"SK"
"1232","Slovenia","2013",13.7,"SI"
"1233","South Africa","2013",11.7,"ZA"
"1234","Spain","2013",23,"ES"
"1235","Sri Lanka","2013",NA,"LK"
"1236","Sweden","2013",11.7,"SE"
"1237","Switzerland","2013",14.3,"CH"
"1238","Thailand","2013",18.5,"TH"
"1239","Tunisia","2013",NA,"TN"
"1240","Turkey","2013",10,"TR"
"1241","Ukraine","2013",9.8,"UA"
"1242","United Arab Emirates","2013",29.9,"AE"
"1243","United Kingdom","2013",12.1,"GB"
"1244","United States of America","2013",13.8,"US"
"1245","Uruguay","2013",NA,"UY"
"1246","Vietnam","2013",27.3,"VN"
"1247","Algeria","2014",NA,"DZ"
"1248","Antigua and Barbuda","2014",NA,"AG"
"1249","Argentina","2014",38,"AR"
"1250","Armenia","2014",NA,"AM"
"1251","Australia","2014",12.3,"AU"
"1252","Austria","2014",7.5,"AT"
"1253","Azerbaijan","2014",NA,"AZ"
"1254","Bahamas","2014",11.4,"BS"
"1255","Barbados","2014",16.4,"BB"
"1256","Belarus","2014",5,"BY"
"1257","Belgium","2014",15.1,"BE"
"1258","Bermuda","2014",11.4,"BM"
"1259","Bosnia and Herzegovina","2014",NA,"BA"
"1260","Brazil","2014",20.7,"BR"
"1261","Bulgaria","2014",12.5,"BG"
"1262","Canada","2014",11.7,"CA"
"1263","Chile","2014",15.6,"CL"
"1264","China","2014",29.7,"CN"
"1265","Colombia","2014",18.4,"CO"
"1266","Costa Rica","2014",6.7,"CR"
"1267","Croatia","2014",9.1,"HR"
"1268","Cuba","2014",NA,"CU"
"1269","Cyprus","2014",12.5,"CY"
"1270","Czech Republic","2014",20,"CZ"
"1271","Denmark","2014",16.4,"DK"
"1272","Ecuador","2014",3.8,"EC"
"1273","Egypt","2014",12.9,"EG"
"1274","Estonia","2014",14,"EE"
"1275","Finland","2014",12.5,"FI"
"1276","France","2014",18.1,"FR"
"1277","Georgia","2014",NA,"GE"
"1278","Germany","2014",9.7,"DE"
"1279","Greece","2014",18.5,"GR"
"1280","Hungary","2014",12.4,"HU"
"1281","Iceland","2014",15.7,"IS"
"1282","India","2014",13.1,"IN"
"1283","Indonesia","2014",NA,"ID"
"1284","Iran(IslamicRepublicof)","2014",NA,"IR"
"1285","Ireland","2014",12.4,"IE"
"1286","Israel","2014",14.5,"IL"
"1287","Italy","2014",13.3,"IT"
"1288","Japan","2014",8.4,"JP"
"1289","Jordan","2014",NA,"JO"
"1290","Kazakhstan","2014",20.7,"KZ"
"1291","Kenya","2014",NA,"KE"
"1292","Latvia","2014",24.7,"LV"
"1293","Liechtenstein","2014",4.7,"LI"
"1294","Lithuania","2014",18.2,"LT"
"1295","Luxembourg","2014",8.4,"LU"
"1296","Malaysia","2014",21.2,"MY"
"1297","Malta","2014",2,"MT"
"1298","Mauritius","2014",NA,"MU"
"1299","Mexico","2014",24,"MX"
"1300","Monaco","2014",4.7,"MC"
"1301","Morocco","2014",23.3,"MA"
"1302","Namibia","2014",NA,"NA"
"1303","Netherlands","2014",13.1,"NL"
"1304","New Zealand","2014",12.6,"NZ"
"1305","Norway","2014",9.7,"NO"
"1306","Oman","2014",NA,"OM"
"1307","Panama","2014",29,"PA"
"1308","Peru","2014",16.7,"PE"
"1309","Philippines","2014",18.1,"PH"
"1310","Poland","2014",29.3,"PL"
"1311","Portugal","2014",23.4,"PT"
"1312","Qatar","2014",11.1,"QA"
"1313","Republic of Korea","2014",27,"KR"
"1314","Romania","2014",13,"RO"
"1315","Russian Federation","2014",11.6,"RU"
"1316","Saudi Arabia","2014",9.2,"SA"
"1317","Serbia","2014",13.9,"RS"
"1318","Seychelles","2014",NA,"SC"
"1319","Singapore","2014",20.1,"SG"
"1320","Slovakia","2014",10.5,"SK"
"1321","Slovenia","2014",18.3,"SI"
"1322","South Africa","2014",7.9,"ZA"
"1323","Spain","2014",25,"ES"
"1324","Sri Lanka","2014",26.3,"LK"
"1325","Sweden","2014",11.1,"SE"
"1326","Switzerland","2014",14.6,"CH"
"1327","Thailand","2014",21.7,"TH"
"1328","Tunisia","2014",NA,"TN"
"1329","Turkey","2014",13,"TR"
"1330","Ukraine","2014",7.6,"UA"
"1331","United Arab Emirates","2014",24.8,"AE"
"1332","United Kingdom","2014",11.4,"GB"
"1333","United States of America","2014",13.6,"US"
"1334","Uruguay","2014",NA,"UY"
"1335","Vietnam","2014",29.8,"VN"
"1336","Algeria","2015",NA,"DZ"
"1337","Antigua and Barbuda","2015",NA,"AG"
"1338","Argentina","2015",22.2,"AR"
"1339","Armenia","2015",NA,"AM"
"1340","Australia","2015",13.5,"AU"
"1341","Austria","2015",8.7,"AT"
"1342","Azerbaijan","2015",NA,"AZ"
"1343","Bahamas","2015",9.5,"BS"
"1344","Barbados","2015",31.5,"BB"
"1345","Belarus","2015",13.9,"BY"
"1346","Belgium","2015",16.7,"BE"
"1347","Bermuda","2015",7.9,"BM"
"1348","Bosnia and Herzegovina","2015",NA,"BA"
"1349","Brazil","2015",19.4,"BR"
"1350","Bulgaria","2015",8.9,"BG"
"1351","Canada","2015",12.1,"CA"
"1352","Chile","2015",21.9,"CL"
"1353","China","2015",28.6,"CN"
"1354","Colombia","2015",21.7,"CO"
"1355","Costa Rica","2015",NA,"CR"
"1356","Croatia","2015",24,"HR"
"1357","Cuba","2015",NA,"CU"
"1358","Cyprus","2015",7.3,"CY"
"1359","Czech Republic","2015",19.7,"CZ"
"1360","Denmark","2015",15.2,"DK"
"1361","Ecuador","2015",NA,"EC"
"1362","Egypt","2015",5.8,"EG"
"1363","Estonia","2015",32,"EE"
"1364","Finland","2015",13.7,"FI"
"1365","France","2015",17.1,"FR"
"1366","Georgia","2015",NA,"GE"
"1367","Germany","2015",10.1,"DE"
"1368","Greece","2015",20.3,"GR"
"1369","Hungary","2015",17.2,"HU"
"1370","Iceland","2015",11.5,"IS"
"1371","India","2015",12.3,"IN"
"1372","Indonesia","2015",NA,"ID"
"1373","Iran(IslamicRepublicof)","2015",NA,"IR"
"1374","Ireland","2015",14.5,"IE"
"1375","Israel","2015",15.4,"IL"
"1376","Italy","2015",12.3,"IT"
"1377","Japan","2015",8.8,"JP"
"1378","Jordan","2015",NA,"JO"
"1379","Kazakhstan","2015",20,"KZ"
"1380","Kenya","2015",19,"KE"
"1381","Latvia","2015",38.5,"LV"
"1382","Liechtenstein","2015",5.4,"LI"
"1383","Lithuania","2015",18.5,"LT"
"1384","Luxembourg","2015",9.2,"LU"
"1385","Malaysia","2015",23.2,"MY"
"1386","Malta","2015",12.6,"MT"
"1387","Mauritius","2015",NA,"MU"
"1388","Mexico","2015",19.2,"MX"
"1389","Monaco","2015",6,"MC"
"1390","Morocco","2015",17.1,"MA"
"1391","Namibia","2015",NA,"NA"
"1392","Netherlands","2015",14,"NL"
"1393","New Zealand","2015",12.4,"NZ"
"1394","Norway","2015",10.4,"NO"
"1395","Oman","2015",NA,"OM"
"1396","Panama","2015",8,"PA"
"1397","Peru","2015",8.8,"PE"
"1398","Philippines","2015",28.8,"PH"
"1399","Poland","2015",30.7,"PL"
"1400","Portugal","2015",31.4,"PT"
"1401","Qatar","2015",11.1,"QA"
"1402","Republic of Korea","2015",27.1,"KR"
"1403","Romania","2015",21.1,"RO"
"1404","Russian Federation","2015",12,"RU"
"1405","Saudi Arabia","2015",8.6,"SA"
"1406","Serbia","2015",5.3,"RS"
"1407","Seychelles","2015",4.2,"SC"
"1408","Singapore","2015",17.3,"SG"
"1409","Slovakia","2015",7.4,"SK"
"1410","Slovenia","2015",20.7,"SI"
"1411","South Africa","2015",12.5,"ZA"
"1412","Spain","2015",23.7,"ES"
"1413","Sri Lanka","2015",21.1,"LK"
"1414","Sweden","2015",10.6,"SE"
"1415","Switzerland","2015",13.7,"CH"
"1416","Thailand","2015",13,"TH"
"1417","Tunisia","2015",NA,"TN"
"1418","Turkey","2015",13.3,"TR"
"1419","Ukraine","2015",7,"UA"
"1420","United Arab Emirates","2015",13.5,"AE"
"1421","United Kingdom","2015",12.9,"GB"
"1422","United States of America","2015",14.4,"US"
"1423","Uruguay","2015",NA,"UY"
"1424","Vietnam","2015",NA,"VN"
"1425","Algeria","2016",NA,"DZ"
"1426","Antigua and Barbuda","2016",NA,"AG"
"1427","Argentina","2016",19.4,"AR"
"1428","Armenia","2016",6.9,"AM"
"1429","Australia","2016",14.3,"AU"
"1430","Austria","2016",7.8,"AT"
"1431","Azerbaijan","2016",NA,"AZ"
"1432","Bahamas","2016",NA,"BS"
"1433","Barbados","2016",19.9,"BB"
"1434","Belarus","2016",NA,"BY"
"1435","Belgium","2016",16.4,"BE"
"1436","Bermuda","2016",NA,"BM"
"1437","Bosnia and Herzegovina","2016",NA,"BA"
"1438","Brazil","2016",20.4,"BR"
"1439","Bulgaria","2016",10.7,"BG"
"1440","Canada","2016",13.1,"CA"
"1441","Chile","2016",21,"CL"
"1442","China","2016",29.4,"CN"
"1443","Colombia","2016",25.5,"CO"
"1444","Costa Rica","2016",6.7,"CR"
"1445","Croatia","2016",17.5,"HR"
"1446","Cuba","2016",NA,"CU"
"1447","Cyprus","2016",17.8,"CY"
"1448","Czech Republic","2016",20,"CZ"
"1449","Denmark","2016",14.7,"DK"
"1450","Ecuador","2016",NA,"EC"
"1451","Egypt","2016",10,"EG"
"1452","Estonia","2016",11.4,"EE"
"1453","Finland","2016",14.3,"FI"
"1454","France","2016",18,"FR"
"1455","Georgia","2016",NA,"GE"
"1456","Germany","2016",10.5,"DE"
"1457","Greece","2016",23.9,"GR"
"1458","Hungary","2016",10.5,"HU"
"1459","Iceland","2016",7.9,"IS"
"1460","India","2016",13.3,"IN"
"1461","Indonesia","2016",NA,"ID"
"1462","Iran(IslamicRepublicof)","2016",7.1,"IR"
"1463","Ireland","2016",15.3,"IE"
"1464","Israel","2016",14.7,"IL"
"1465","Italy","2016",13.3,"IT"
"1466","Japan","2016",8.6,"JP"
"1467","Jordan","2016",NA,"JO"
"1468","Kazakhstan","2016",28.2,"KZ"
"1469","Kenya","2016",NA,"KE"
"1470","Latvia","2016",36.4,"LV"
"1471","Liechtenstein","2016",4.3,"LI"
"1472","Lithuania","2016",19.8,"LT"
"1473","Luxembourg","2016",13.1,"LU"
"1474","Malaysia","2016",26.8,"MY"
"1475","Malta","2016",5.7,"MT"
"1476","Mauritius","2016",NA,"MU"
"1477","Mexico","2016",18.1,"MX"
"1478","Monaco","2016",9.1,"MC"
"1479","Morocco","2016",21,"MA"
"1480","Namibia","2016",NA,"NA"
"1481","Netherlands","2016",12.9,"NL"
"1482","New Zealand","2016",12.3,"NZ"
"1483","Norway","2016",10.6,"NO"
"1484","Oman","2016",NA,"OM"
"1485","Panama","2016",NA,"PA"
"1486","Peru","2016",5.4,"PE"
"1487","Philippines","2016",21.2,"PH"
"1488","Poland","2016",26.1,"PL"
"1489","Portugal","2016",25,"PT"
"1490","Qatar","2016",12.5,"QA"
"1491","Republic of Korea","2016",27.5,"KR"
"1492","Romania","2016",20,"RO"
"1493","Russian Federation","2016",15.5,"RU"
"1494","Saudi Arabia","2016",7.9,"SA"
"1495","Serbia","2016",2.9,"RS"
"1496","Seychelles","2016",NA,"SC"
"1497","Singapore","2016",20.4,"SG"
"1498","Slovakia","2016",9.9,"SK"
"1499","Slovenia","2016",18.1,"SI"
"1500","South Africa","2016",12.6,"ZA"
"1501","Spain","2016",24,"ES"
"1502","Sri Lanka","2016",38.1,"LK"
"1503","Sweden","2016",12.3,"SE"
"1504","Switzerland","2016",14.9,"CH"
"1505","Thailand","2016",19.7,"TH"
"1506","Tunisia","2016",NA,"TN"
"1507","Turkey","2016",16,"TR"
"1508","Ukraine","2016",12.4,"UA"
"1509","United Arab Emirates","2016",11,"AE"
"1510","United Kingdom","2016",12.7,"GB"
"1511","United States of America","2016",15,"US"
"1512","Uruguay","2016",NA,"UY"
"1513","Vietnam","2016",35.7,"VN"
"1514","Algeria","2017",NA,"DZ"
"1515","Antigua and Barbuda","2017",19,"AG"
"1516","Argentina","2017",16.4,"AR"
"1517","Armenia","2017",NA,"AM"
"1518","Australia","2017",13.6,"AU"
"1519","Austria","2017",9.5,"AT"
"1520","Azerbaijan","2017",NA,"AZ"
"1521","Bahamas","2017",NA,"BS"
"1522","Barbados","2017",22.7,"BB"
"1523","Belarus","2017",2.4,"BY"
"1524","Belgium","2017",18.7,"BE"
"1525","Bermuda","2017",18,"BM"
"1526","Bosnia and Herzegovina","2017",NA,"BA"
"1527","Brazil","2017",25.6,"BR"
"1528","Bulgaria","2017",5.8,"BG"
"1529","Canada","2017",12.8,"CA"
"1530","Chile","2017",20.9,"CL"
"1531","China","2017",28.9,"CN"
"1532","Colombia","2017",21.5,"CO"
"1533","Costa Rica","2017",NA,"CR"
"1534","Croatia","2017",34.1,"HR"
"1535","Cuba","2017",NA,"CU"
"1536","Cyprus","2017",15.7,"CY"
"1537","Czech Republic","2017",20.6,"CZ"
"1538","Denmark","2017",15.2,"DK"
"1539","Ecuador","2017",NA,"EC"
"1540","Egypt","2017",14.9,"EG"
"1541","Estonia","2017",12.9,"EE"
"1542","Finland","2017",13,"FI"
"1543","France","2017",17.8,"FR"
"1544","Georgia","2017",NA,"GE"
"1545","Germany","2017",10.2,"DE"
"1546","Greece","2017",26.4,"GR"
"1547","Hungary","2017",14.7,"HU"
"1548","Iceland","2017",16.1,"IS"
"1549","India","2017",12.4,"IN"
"1550","Indonesia","2017",NA,"ID"
"1551","Iran(IslamicRepublicof)","2017",9.7,"IR"
"1552","Ireland","2017",16.6,"IE"
"1553","Israel","2017",15.1,"IL"
"1554","Italy","2017",12.8,"IT"
"1555","Japan","2017",9.1,"JP"
"1556","Jordan","2017",NA,"JO"
"1557","Kazakhstan","2017",14,"KZ"
"1558","Kenya","2017",NA,"KE"
"1559","Latvia","2017",39.2,"LV"
"1560","Liechtenstein","2017",7.3,"LI"
"1561","Lithuania","2017",30.5,"LT"
"1562","Luxembourg","2017",14.2,"LU"
"1563","Malaysia","2017",27.1,"MY"
"1564","Malta","2017",13.5,"MT"
"1565","Mauritius","2017",NA,"MU"
"1566","Mexico","2017",23.8,"MX"
"1567","Monaco","2017",18.8,"MC"
"1568","Morocco","2017",16,"MA"
"1569","Namibia","2017",NA,"NA"
"1570","Netherlands","2017",13.2,"NL"
"1571","New Zealand","2017",12.6,"NZ"
"1572","Norway","2017",10.2,"NO"
"1573","Oman","2017",NA,"OM"
"1574","Panama","2017",18.9,"PA"
"1575","Peru","2017",8.3,"PE"
"1576","Philippines","2017",22.8,"PH"
"1577","Poland","2017",21.4,"PL"
"1578","Portugal","2017",26.2,"PT"
"1579","Qatar","2017",4.8,"QA"
"1580","Republic of Korea","2017",27.2,"KR"
"1581","Romania","2017",20.8,"RO"
"1582","Russian Federation","2017",11.3,"RU"
"1583","Saudi Arabia","2017",10.1,"SA"
"1584","Serbia","2017",17.5,"RS"
"1585","Seychelles","2017",NA,"SC"
"1586","Singapore","2017",20.8,"SG"
"1587","Slovakia","2017",11.3,"SK"
"1588","Slovenia","2017",22.5,"SI"
"1589","South Africa","2017",14,"ZA"
"1590","Spain","2017",24.2,"ES"
"1591","Sri Lanka","2017",30.3,"LK"
"1592","Sweden","2017",12.2,"SE"
"1593","Switzerland","2017",14.9,"CH"
"1594","Thailand","2017",26.3,"TH"
"1595","Tunisia","2017",NA,"TN"
"1596","Turkey","2017",15.3,"TR"
"1597","Ukraine","2017",8.7,"UA"
"1598","United Arab Emirates","2017",12.5,"AE"
"1599","United Kingdom","2017",13.7,"GB"
"1600","United States of America","2017",15.4,"US"
"1601","Uruguay","2017",13,"UY"
"1602","Vietnam","2017",37.5,"VN"
"1603","Algeria","2018",NA,"DZ"
"1604","Antigua and Barbuda","2018",31.1,"AG"
"1605","Argentina","2018",17.4,"AR"
"1606","Armenia","2018",NA,"AM"
"1607","Australia","2018",16.6,"AU"
"1608","Austria","2018",9.3,"AT"
"1609","Azerbaijan","2018",NA,"AZ"
"1610","Bahamas","2018",NA,"BS"
"1611","Barbados","2018",18.1,"BB"
"1612","Belarus","2018",NA,"BY"
"1613","Belgium","2018",17.2,"BE"
"1614","Bermuda","2018",8.2,"BM"
"1615","Bosnia and Herzegovina","2018",NA,"BA"
"1616","Brazil","2018",25.5,"BR"
"1617","Bulgaria","2018",13.5,"BG"
"1618","Canada","2018",13.4,"CA"
"1619","Chile","2018",19.3,"CL"
"1620","China","2018",28.9,"CN"
"1621","Colombia","2018",28.3,"CO"
"1622","Costa Rica","2018",8.3,"CR"
"1623","Croatia","2018",14.3,"HR"
"1624","Cuba","2018",NA,"CU"
"1625","Cyprus","2018",19.4,"CY"
"1626","Czech Republic","2018",19.9,"CZ"
"1627","Denmark","2018",13.7,"DK"
"1628","Ecuador","2018",9.1,"EC"
"1629","Egypt","2018",22.2,"EG"
"1630","Estonia","2018",5.7,"EE"
"1631","Finland","2018",13.7,"FI"
"1632","France","2018",17.9,"FR"
"1633","Georgia","2018",NA,"GE"
"1634","Germany","2018",10.3,"DE"
"1635","Greece","2018",20.1,"GR"
"1636","Hungary","2018",21.3,"HU"
"1637","Iceland","2018",19,"IS"
"1638","India","2018",14.4,"IN"
"1639","Indonesia","2018",NA,"ID"
"1640","Iran(IslamicRepublicof)","2018",25.8,"IR"
"1641","Ireland","2018",13.6,"IE"
"1642","Israel","2018",14.9,"IL"
"1643","Italy","2018",13.5,"IT"
"1644","Japan","2018",10.1,"JP"
"1645","Jordan","2018",NA,"JO"
"1646","Kazakhstan","2018",16.3,"KZ"
"1647","Kenya","2018",NA,"KE"
"1648","Latvia","2018",15.9,"LV"
"1649","Liechtenstein","2018",7.5,"LI"
"1650","Lithuania","2018",14.5,"LT"
"1651","Luxembourg","2018",12.1,"LU"
"1652","Malaysia","2018",27.2,"MY"
"1653","Malta","2018",15.2,"MT"
"1654","Mauritius","2018",NA,"MU"
"1655","Mexico","2018",17.5,"MX"
"1656","Monaco","2018",NA,"MC"
"1657","Morocco","2018",17.3,"MA"
"1658","Namibia","2018",NA,"NA"
"1659","Netherlands","2018",13.7,"NL"
"1660","New Zealand","2018",14.3,"NZ"
"1661","Norway","2018",10.7,"NO"
"1662","Oman","2018",NA,"OM"
"1663","Panama","2018",30.2,"PA"
"1664","Peru","2018",23.4,"PE"
"1665","Philippines","2018",29.4,"PH"
"1666","Poland","2018",20.1,"PL"
"1667","Portugal","2018",25.5,"PT"
"1668","Qatar","2018",11.1,"QA"
"1669","Republic of Korea","2018",26.8,"KR"
"1670","Romania","2018",18.3,"RO"
"1671","Russian Federation","2018",13.2,"RU"
"1672","Saudi Arabia","2018",10.2,"SA"
"1673","Serbia","2018",21.7,"RS"
"1674","Seychelles","2018",NA,"SC"
"1675","Singapore","2018",20.3,"SG"
"1676","Slovakia","2018",7.4,"SK"
"1677","Slovenia","2018",17.9,"SI"
"1678","South Africa","2018",12.8,"ZA"
"1679","Spain","2018",24.4,"ES"
"1680","Sri Lanka","2018",42.9,"LK"
"1681","Sweden","2018",12.4,"SE"
"1682","Switzerland","2018",14.4,"CH"
"1683","Thailand","2018",22.7,"TH"
"1684","Tunisia","2018",6.7,"TN"
"1685","Turkey","2018",16.6,"TR"
"1686","Ukraine","2018",12.8,"UA"
"1687","United Arab Emirates","2018",10.9,"AE"
"1688","United Kingdom","2018",15,"GB"
"1689","United States of America","2018",16,"US"
"1690","Uruguay","2018",30.4,"UY"
"1691","Vietnam","2018",23.3,"VN"
"1692","Algeria","2019",18.8,"DZ"
"1693","Antigua and Barbuda","2019",43.2,"AG"
"1694","Argentina","2019",33.3,"AR"
"1695","Armenia","2019",NA,"AM"
"1696","Australia","2019",19.8,"AU"
"1697","Austria","2019",8.6,"AT"
"1698","Azerbaijan","2019",6.4,"AZ"
"1699","Bahamas","2019",NA,"BS"
"1700","Barbados","2019",13.3,"BB"
"1701","Belarus","2019",NA,"BY"
"1702","Belgium","2019",18.8,"BE"
"1703","Bermuda","2019",26.8,"BM"
"1704","Bosnia and Herzegovina","2019",NA,"BA"
"1705","Brazil","2019",20.4,"BR"
"1706","Bulgaria","2019",43.9,"BG"
"1707","Canada","2019",14.4,"CA"
"1708","Chile","2019",21.9,"CL"
"1709","China","2019",32.4,"CN"
"1710","Colombia","2019",20.5,"CO"
"1711","Costa Rica","2019",NA,"CR"
"1712","Croatia","2019",10.9,"HR"
"1713","Cuba","2019",NA,"CU"
"1714","Cyprus","2019",13.3,"CY"
"1715","Czech Republic","2019",13.5,"CZ"
"1716","Denmark","2019",14.6,"DK"
"1717","Ecuador","2019",NA,"EC"
"1718","Egypt","2019",NA,"EG"
"1719","Estonia","2019",16.9,"EE"
"1720","Finland","2019",13.9,"FI"
"1721","France","2019",18,"FR"
"1722","Georgia","2019",NA,"GE"
"1723","Germany","2019",10.5,"DE"
"1724","Greece","2019",25.9,"GR"
"1725","Hungary","2019",14.6,"HU"
"1726","Iceland","2019",13.2,"IS"
"1727","India","2019",14.2,"IN"
"1728","Indonesia","2019",NA,"ID"
"1729","Iran(IslamicRepublicof)","2019",56.7,"IR"
"1730","Ireland","2019",13,"IE"
"1731","Israel","2019",15.1,"IL"
"1732","Italy","2019",14.6,"IT"
"1733","Japan","2019",10.7,"JP"
"1734","Jordan","2019",28.6,"JO"
"1735","Kazakhstan","2019",11.5,"KZ"
"1736","Kenya","2019",NA,"KE"
"1737","Latvia","2019",15.2,"LV"
"1738","Liechtenstein","2019",7.5,"LI"
"1739","Lithuania","2019",21.4,"LT"
"1740","Luxembourg","2019",16.2,"LU"
"1741","Malaysia","2019",23.1,"MY"
"1742","Malta","2019",10.7,"MT"
"1743","Mauritius","2019",NA,"MU"
"1744","Mexico","2019",20,"MX"
"1745","Monaco","2019",19.4,"MC"
"1746","Morocco","2019",20.8,"MA"
"1747","Namibia","2019",NA,"NA"
"1748","Netherlands","2019",14.7,"NL"
"1749","New Zealand","2019",15.6,"NZ"
"1750","Norway","2019",8.7,"NO"
"1751","Oman","2019",5.3,"OM"
"1752","Panama","2019",20.9,"PA"
"1753","Peru","2019",9,"PE"
"1754","Philippines","2019",27.6,"PH"
"1755","Poland","2019",20.4,"PL"
"1756","Portugal","2019",27.7,"PT"
"1757","Qatar","2019",21.6,"QA"
"1758","Republic of Korea","2019",27.3,"KR"
"1759","Romania","2019",10.8,"RO"
"1760","Russian Federation","2019",14.9,"RU"
"1761","Saudi Arabia","2019",8.9,"SA"
"1762","Serbia","2019",7,"RS"
"1763","Seychelles","2019",NA,"SC"
"1764","Singapore","2019",20.3,"SG"
"1765","Slovakia","2019",8.7,"SK"
"1766","Slovenia","2019",15.5,"SI"
"1767","South Africa","2019",10.6,"ZA"
"1768","Spain","2019",25.1,"ES"
"1769","Sri Lanka","2019",31.8,"LK"
"1770","Sweden","2019",12.2,"SE"
"1771","Switzerland","2019",15,"CH"
"1772","Thailand","2019",16.9,"TH"
"1773","Tunisia","2019",18.8,"TN"
"1774","Turkey","2019",19.2,"TR"
"1775","Ukraine","2019",10.2,"UA"
"1776","United Arab Emirates","2019",18.6,"AE"
"1777","United Kingdom","2019",14.6,"GB"
"1778","United States of America","2019",16.5,"US"
"1779","Uruguay","2019",37,"UY"
"1780","Vietnam","2019",15.4,"VN"
